Month,Sector,StockClass,Age,Sex,SRW_kg,LW_kg,LWG_kg,Velvet_Yield_kg,Wool_Yield_kg,Days_Pregnant,Trimester_Factor,Reproduction_Rate,FWG_kg,Days_Newborn_Fed_Milk,Milk_Mother_kg,Milk_Newborn_kg,MilkPowder_Newborn_kg,Milk_Fat_pct,Milk_Protein_pct,MilkPowder_Protein_pct,ME_Diet_AIM,DMD_pct_Diet_AIM,N_pct_Diet_AIM
1,Beef,Bulls Mature,4,Male,770,600,15.5,NA,NA,NA,NA,NA,NA,NA,NA,NA,NA,NA,NA,NA,9.6,0.669469388,0.0259
1,Beef,Heifers R1,0.5,Female,550,85.68365923227259,11.40332421898816,NA,NA,NA,NA,NA,NA,31,NA,105.55371900826447,8.539944903581267,0.04893203883495146,0.032427184466019415,0.0334,9.6,0.669469388,0.0259
1,Beef,Heifers R2,1.5,Female,550,224.42410389662857,11.403324218988189,NA,NA,NA,NA,0.85,NA,NA,NA,NA,NA,NA,NA,NA,9.6,0.669469388,0.0259
1,Beef,Heifers R3,2.5,Female,550,363.16454856098454,11.403324218988132,NA,NA,34,NA,0.85,4.693721176787218,31,105.55371900826447,NA,NA,0.04893203883495146,0.032427184466019415,NA,9.6,0.669469388,0.0259
1,Beef,Cows Mature,4,Female,550,449.449701817995,0,NA,NA,34,NA,0.85,4.693721176787218,31,105.55371900826447,NA,NA,0.04893203883495146,0.032427184466019415,NA,9.6,0.669469388,0.0259
1,Beef,Bulls R1,0.5,Male,770,123.17133705852304,19.72093282606474,NA,NA,NA,NA,NA,NA,31,NA,105.55371900826447,8.539944903581267,0.04893203883495146,0.032427184466019415,0.0334,9.6,0.669469388,0.0259
1,Beef,Bulls R2,1.5,Male,770,363.1093531089776,19.720932826064768,NA,NA,NA,NA,NA,NA,NA,NA,NA,NA,NA,NA,NA,9.6,0.669469388,0.0259
1,Beef,Bulls R3,2.5,Male,770,603.0473691594322,19.720932826064654,NA,NA,NA,NA,NA,NA,NA,NA,NA,NA,NA,NA,NA,9.6,0.669469388,0.0259
1,Beef,Steers R1,0.5,Castrate,660,126.69000349347509,20.607991591178717,NA,NA,NA,NA,NA,NA,31,NA,105.55371900826447,8.539944903581267,0.04893203883495146,0.032427184466019415,0.0334,9.6,0.669469388,0.0259
1,Beef,Steers R2,1.5,Castrate,660,377.42056785281613,20.60799159117869,NA,NA,NA,NA,NA,NA,NA,NA,NA,NA,NA,NA,NA,9.6,0.669469388,0.0259
1,Beef,Steers R3,2.5,Castrate,660,621.625268208284,7.556263583432155,NA,NA,NA,NA,NA,NA,NA,NA,NA,NA,NA,NA,NA,9.6,0.669469388,0.0259
2,Beef,Bulls Mature,4,Male,770,600,14,NA,NA,NA,NA,NA,NA,NA,NA,NA,NA,NA,NA,NA,9.2,0.63755102,0.024300000000000002
2,Beef,Heifers R1,0.5,Female,550,96.89692804761094,10.262991797089342,NA,NA,NA,NA,NA,NA,28,NA,95.33884297520662,7.7134986225895315,0.04893203883495146,0.032427184466019415,0.0334,9.2,0.63755102,0.024300000000000002
2,Beef,Heifers R2,1.5,Female,550,235.63737271196692,10.262991797089398,NA,NA,NA,NA,0.85,NA,NA,NA,NA,NA,NA,NA,NA,9.2,0.63755102,0.024300000000000002
2,Beef,Heifers R3,2.5,Female,550,374.3778173763229,10.262991797089342,NA,NA,62,NA,0.85,4.239490095162648,28,95.33884297520662,NA,NA,0.04893203883495146,0.032427184466019415,NA,9.2,0.63755102,0.024300000000000002
2,Beef,Cows Mature,4,Female,550,449.449701817995,0,NA,NA,62,NA,0.85,4.239490095162648,28,95.33884297520662,NA,NA,0.04893203883495146,0.032427184466019415,NA,9.2,0.63755102,0.024300000000000002
2,Beef,Bulls R1,0.5,Male,770,142.56358767082008,17.748839543458274,NA,NA,NA,NA,NA,NA,28,NA,95.33884297520662,7.7134986225895315,0.04893203883495146,0.032427184466019415,0.0334,9.2,0.63755102,0.024300000000000002
2,Beef,Bulls R2,1.5,Male,770,382.50160372127465,17.748839543458303,NA,NA,NA,NA,NA,NA,NA,NA,NA,NA,NA,NA,NA,9.2,0.63755102,0.024300000000000002
2,Beef,Bulls R3,2.5,Male,770,613.5652,0,NA,NA,NA,NA,NA,NA,NA,NA,NA,NA,NA,NA,NA,9.2,0.63755102,0.024300000000000002
2,Beef,Steers R1,0.5,Castrate,660,146.95452855813417,18.547192432060854,NA,NA,NA,NA,NA,NA,28,NA,95.33884297520662,7.7134986225895315,0.04893203883495146,0.032427184466019415,0.0334,9.2,0.63755102,0.024300000000000002
2,Beef,Steers R2,1.5,Castrate,660,397.68509291747523,18.54719243206091,NA,NA,NA,NA,NA,NA,NA,NA,NA,NA,NA,NA,NA,9.2,0.63755102,0.024300000000000002
2,Beef,Steers R3,2.5,Castrate,660,625.4034,0,NA,NA,NA,NA,NA,NA,NA,NA,NA,NA,NA,NA,NA,9.2,0.63755102,0.024300000000000002
3,Beef,Bulls Mature,4,Male,770,600,15.5,NA,NA,NA,NA,NA,NA,NA,NA,NA,NA,NA,NA,NA,9,0.623469388,0.026600000000000002
3,Beef,Heifers R1,0.5,Female,550,108.11019686294931,11.40332421898816,NA,NA,NA,NA,NA,NA,31,NA,105.55371900826447,8.539944903581267,0.04893203883495146,0.032427184466019415,0.0334,9,0.623469388,0.026600000000000002
3,Beef,Heifers R2,1.5,Female,550,246.85064152730527,11.403324218988189,NA,NA,NA,NA,0.85,NA,NA,NA,NA,NA,NA,NA,NA,9,0.623469388,0.026600000000000002
3,Beef,Heifers R3,2.5,Female,550,385.59108619166125,11.403324218988132,NA,NA,93,NA,0.85,4.693721176787218,31,105.55371900826447,NA,NA,0.04893203883495146,0.032427184466019415,NA,9,0.623469388,0.026600000000000002
3,Beef,Cows Mature,4,Female,550,449.449701817995,0,NA,NA,93,NA,0.85,4.693721176787218,31,105.55371900826447,NA,NA,0.04893203883495146,0.032427184466019415,NA,9,0.623469388,0.026600000000000002
3,Beef,Bulls R1,0.5,Male,770,161.9558382831171,19.720932826064768,NA,NA,NA,NA,NA,NA,31,NA,105.55371900826447,8.539944903581267,0.04893203883495146,0.032427184466019415,0.0334,9,0.623469388,0.026600000000000002
3,Beef,Bulls R2,1.5,Male,770,401.8938543335716,19.720932826064768,NA,NA,NA,NA,NA,NA,NA,NA,NA,NA,NA,NA,NA,9,0.623469388,0.026600000000000002
3,Beef,Bulls R3,2.5,Male,770,613.5652,0,NA,NA,NA,NA,NA,NA,NA,NA,NA,NA,NA,NA,NA,9,0.623469388,0.026600000000000002
3,Beef,Steers R1,0.5,Castrate,660,167.21905362279324,20.607991591178717,NA,NA,NA,NA,NA,NA,31,NA,105.55371900826447,8.539944903581267,0.04893203883495146,0.032427184466019415,0.0334,9,0.623469388,0.026600000000000002
3,Beef,Steers R2,1.5,Castrate,660,417.9496179821343,20.60799159117869,NA,NA,NA,NA,NA,NA,NA,NA,NA,NA,NA,NA,NA,9,0.623469388,0.026600000000000002
3,Beef,Steers R3,2.5,Castrate,660,625.4034,0,NA,NA,NA,NA,NA,NA,NA,NA,NA,NA,NA,NA,NA,9,0.623469388,0.026600000000000002
4,Beef,Bulls Mature,4,Male,770,600,15,NA,NA,NA,NA,NA,NA,NA,NA,NA,NA,NA,NA,NA,9.6,0.665714286,0.0297
4,Beef,Heifers R1,0.5,Female,550,119.70357648558726,11.023213411688559,NA,NA,NA,NA,NA,NA,30,NA,102.14876033057851,8.264462809917356,0.04893203883495146,0.032427184466019415,0.0334,9.6,0.665714286,0.0297
4,Beef,Heifers R2,1.5,Female,550,258.44402114994324,11.023213411688516,NA,NA,NA,NA,0.85,NA,NA,NA,NA,NA,NA,NA,NA,9.6,0.665714286,0.0297
4,Beef,Heifers R3,2.5,Female,550,397.1844658142992,11.023213411688573,NA,NA,123,NA,0.85,4.542310816245695,30,102.14876033057851,NA,NA,0.04893203883495146,0.032427184466019415,NA,9.6,0.665714286,0.0297
4,Beef,Cows Mature,4,Female,550,449.449701817995,0,NA,NA,123,NA,0.85,4.542310816245695,30,102.14876033057851,NA,NA,0.04893203883495146,0.032427184466019415,NA,9.6,0.665714286,0.0297
4,Beef,Bulls R1,0.5,Male,770,182.00545332294956,19.06356839852927,NA,NA,NA,NA,NA,NA,30,NA,102.14876033057851,8.264462809917356,0.04893203883495146,0.032427184466019415,0.0334,9.6,0.665714286,0.0297
4,Beef,Bulls R2,1.5,Male,770,421.9434693734041,19.06356839852924,NA,NA,NA,NA,NA,NA,NA,NA,NA,NA,NA,NA,NA,9.6,0.665714286,0.0297
4,Beef,Bulls R3,2.5,Male,770,613.5652,0,NA,NA,NA,NA,NA,NA,NA,NA,NA,NA,NA,NA,NA,9.6,0.665714286,0.0297
4,Beef,Steers R1,0.5,Castrate,660,188.1705117404916,19.921058538139448,NA,NA,NA,NA,NA,NA,30,NA,102.14876033057851,8.264462809917356,0.04893203883495146,0.032427184466019415,0.0334,9.6,0.665714286,0.0297
4,Beef,Steers R2,1.5,Castrate,660,438.90107609983266,19.92105853813939,NA,NA,NA,NA,NA,NA,NA,NA,NA,NA,NA,NA,NA,9.6,0.665714286,0.0297
4,Beef,Steers R3,2.5,Castrate,660,625.4034,0,NA,NA,NA,NA,NA,NA,NA,NA,NA,NA,NA,NA,NA,9.6,0.665714286,0.0297
5,Beef,Bulls Mature,4,Male,770,600,15.5,NA,NA,NA,NA,NA,NA,NA,NA,NA,NA,NA,NA,NA,9.849384131,0.69076513,0.031178016569999998
5,Beef,Heifers R1,0.5,Female,550,131.29695610822523,11.403324218988146,NA,NA,NA,NA,NA,NA,19,NA,64.69421487603306,5.234159779614325,0.04893203883495146,0.032427184466019415,0.0334,9.849384131,0.69076513,0.031178016569999998
5,Beef,Heifers R2,1.5,Female,550,270.03740077258124,11.403324218988189,NA,NA,NA,NA,0.85,NA,NA,NA,NA,NA,NA,NA,NA,9.849384131,0.69076513,0.031178016569999998
5,Beef,Heifers R3,2.5,Female,550,408.7778454369372,11.403324218988132,NA,NA,154,NA,0.85,4.693721176787218,19,64.69421487603306,NA,NA,0.04893203883495146,0.032427184466019415,NA,9.849384131,0.69076513,0.031178016569999998
5,Beef,Cows Mature,4,Female,550,449.449701817995,0,NA,NA,154,NA,0.85,4.693721176787218,19,64.69421487603306,NA,NA,0.04893203883495146,0.032427184466019415,NA,9.849384131,0.69076513,0.031178016569999998
5,Beef,Bulls R1,0.5,Male,770,202.0550683627821,19.72093282606474,NA,NA,NA,NA,NA,NA,19,NA,64.69421487603306,5.234159779614325,0.04893203883495146,0.032427184466019415,0.0334,9.849384131,0.69076513,0.031178016569999998
5,Beef,Bulls R2,1.5,Male,770,441.99308441323666,19.720932826064768,NA,NA,NA,NA,NA,NA,NA,NA,NA,NA,NA,NA,NA,9.849384131,0.69076513,0.031178016569999998
5,Beef,Bulls R3,2.5,Male,770,613.5652,0,NA,NA,NA,NA,NA,NA,NA,NA,NA,NA,NA,NA,NA,9.849384131,0.69076513,0.031178016569999998
5,Beef,Steers R1,0.5,Castrate,660,209.12196985818997,20.607991591178717,NA,NA,NA,NA,NA,NA,19,NA,64.69421487603306,5.234159779614325,0.04893203883495146,0.032427184466019415,0.0334,9.849384131,0.69076513,0.031178016569999998
5,Beef,Steers R2,1.5,Castrate,660,459.85253421753106,20.607991591178802,NA,NA,NA,NA,NA,NA,NA,NA,NA,NA,NA,NA,NA,9.849384131,0.69076513,0.031178016569999998
5,Beef,Steers R3,2.5,Castrate,660,625.4034,0,NA,NA,NA,NA,NA,NA,NA,NA,NA,NA,NA,NA,NA,9.849384131,0.69076513,0.031178016569999998
6,Beef,Bulls Mature,4,Male,770,600,15,NA,NA,NA,NA,NA,NA,NA,NA,NA,NA,NA,NA,NA,10.76857831,0.729958605,0.033048453979999996
6,Beef,Heifers R1,0.5,Female,550,142.8903357308632,11.023213411688573,NA,NA,NA,NA,NA,NA,NA,NA,NA,NA,NA,NA,NA,10.76857831,0.729958605,0.033048453979999996
6,Beef,Heifers R2,1.5,Female,550,281.6307803952192,11.023213411688516,NA,NA,NA,NA,0.85,NA,NA,NA,NA,NA,NA,NA,NA,10.76857831,0.729958605,0.033048453979999996
6,Beef,Heifers R3,2.5,Female,550,420.3712250595752,11.023213411688573,NA,NA,184,NA,0.85,4.542310816245695,NA,NA,NA,NA,NA,NA,NA,10.76857831,0.729958605,0.033048453979999996
6,Beef,Cows Mature,4,Female,550,449.449701817995,0,NA,NA,184,NA,0.85,4.542310816245695,NA,NA,NA,NA,NA,NA,NA,10.76857831,0.729958605,0.033048453979999996
6,Beef,Bulls R1,0.5,Male,770,222.10468340261457,19.06356839852927,NA,NA,NA,NA,NA,NA,NA,NA,NA,NA,NA,NA,NA,10.76857831,0.729958605,0.033048453979999996
6,Beef,Bulls R2,1.5,Male,770,462.0426994530692,19.06356839852924,NA,NA,NA,NA,NA,NA,NA,NA,NA,NA,NA,NA,NA,10.76857831,0.729958605,0.033048453979999996
6,Beef,Bulls R3,2.5,Male,770,613.5652,0,NA,NA,NA,NA,NA,NA,NA,NA,NA,NA,NA,NA,NA,10.76857831,0.729958605,0.033048453979999996
6,Beef,Steers R1,0.5,Castrate,660,230.07342797588834,19.921058538139448,NA,NA,NA,NA,NA,NA,NA,NA,NA,NA,NA,NA,NA,10.76857831,0.729958605,0.033048453979999996
6,Beef,Steers R2,1.5,Castrate,660,480.80399233522945,19.92105853813939,NA,NA,NA,NA,NA,NA,NA,NA,NA,NA,NA,NA,NA,10.76857831,0.729958605,0.033048453979999996
6,Beef,Steers R3,2.5,Castrate,660,625.4034,0,NA,NA,NA,NA,NA,NA,NA,NA,NA,NA,NA,NA,NA,10.76857831,0.729958605,0.033048453979999996
7,Beef,Bulls Mature,4,Male,770,600,15.5,NA,NA,NA,NA,NA,NA,NA,NA,NA,NA,NA,NA,NA,11.07282223,0.741367314,0.03452546438
7,Beef,Heifers R1,0.5,Female,550,154.48371535350117,11.403324218988132,NA,NA,NA,NA,NA,NA,NA,NA,NA,NA,NA,NA,NA,11.07282223,0.741367314,0.03452546438
7,Beef,Heifers R2,1.5,Female,550,293.2241600178571,11.403324218988189,NA,NA,NA,NA,0.85,NA,NA,NA,NA,NA,NA,NA,NA,11.07282223,0.741367314,0.03452546438
7,Beef,Heifers R3,2.5,Female,550,431.9646046822131,11.403324218988132,NA,NA,215,NA,0.85,4.693721176787218,NA,NA,NA,NA,NA,NA,NA,11.07282223,0.741367314,0.03452546438
7,Beef,Cows Mature,4,Female,550,449.449701817995,0,NA,NA,215,NA,0.85,4.693721176787218,NA,NA,NA,NA,NA,NA,NA,11.07282223,0.741367314,0.03452546438
7,Beef,Bulls R1,0.5,Male,770,242.1542984424471,19.720932826064768,NA,NA,NA,NA,NA,NA,NA,NA,NA,NA,NA,NA,NA,11.07282223,0.741367314,0.03452546438
7,Beef,Bulls R2,1.5,Male,770,482.0923144929016,19.720932826064768,NA,NA,NA,NA,NA,NA,NA,NA,NA,NA,NA,NA,NA,11.07282223,0.741367314,0.03452546438
7,Beef,Bulls R3,2.5,Male,770,613.5652,0,NA,NA,NA,NA,NA,NA,NA,NA,NA,NA,NA,NA,NA,11.07282223,0.741367314,0.03452546438
7,Beef,Steers R1,0.5,Castrate,660,251.0248860935867,20.607991591178717,NA,NA,NA,NA,NA,NA,NA,NA,NA,NA,NA,NA,NA,11.07282223,0.741367314,0.03452546438
7,Beef,Steers R2,1.5,Castrate,660,501.7554504529278,20.60799159117869,NA,NA,NA,NA,NA,NA,NA,NA,NA,NA,NA,NA,NA,11.07282223,0.741367314,0.03452546438
7,Beef,Steers R3,2.5,Castrate,660,625.4034,0,NA,NA,NA,NA,NA,NA,NA,NA,NA,NA,NA,NA,NA,11.07282223,0.741367314,0.03452546438
8,Beef,Bulls Mature,4,Male,770,600,15.5,NA,NA,NA,NA,NA,NA,NA,NA,NA,NA,NA,NA,NA,11.41898817,0.761940541,0.034759013809999996
8,Beef,Heifers R1,0.5,Female,550,166.26715037978894,11.403324218988189,NA,NA,NA,NA,NA,NA,NA,NA,NA,NA,NA,NA,NA,11.41898817,0.761940541,0.034759013809999996
8,Beef,Heifers R2,1.5,Female,550,305.0075950441449,11.403324218988132,NA,NA,NA,NA,0.85,NA,NA,NA,NA,NA,NA,NA,NA,11.41898817,0.761940541,0.034759013809999996
8,Beef,Heifers R3,2.5,Female,550,443.74803970850087,11.403324218988189,NA,NA,246,NA,0.85,4.693721176787218,NA,NA,NA,NA,NA,NA,NA,11.41898817,0.761940541,0.034759013809999996
8,Beef,Cows Mature,4,Female,550,449.449701817995,0,NA,NA,246,NA,0.85,4.693721176787218,NA,NA,NA,NA,NA,NA,NA,11.41898817,0.761940541,0.034759013809999996
8,Beef,Bulls R1,0.5,Male,770,262.53259569604734,19.720932826064768,NA,NA,NA,NA,NA,NA,NA,NA,NA,NA,NA,NA,NA,11.41898817,0.761940541,0.034759013809999996
8,Beef,Bulls R2,1.5,Male,770,502.4706117465019,19.720932826064768,NA,NA,NA,NA,NA,NA,NA,NA,NA,NA,NA,NA,NA,11.41898817,0.761940541,0.034759013809999996
8,Beef,Bulls R3,2.5,Male,770,613.5652,0,NA,NA,NA,NA,NA,NA,NA,NA,NA,NA,NA,NA,NA,11.41898817,0.761940541,0.034759013809999996
8,Beef,Steers R1,0.5,Castrate,660,272.3198107378047,20.60799159117869,NA,NA,NA,NA,NA,NA,NA,NA,NA,NA,NA,NA,NA,11.41898817,0.761940541,0.034759013809999996
8,Beef,Steers R2,1.5,Castrate,660,523.0503750971458,20.60799159117869,NA,NA,NA,NA,NA,NA,NA,NA,NA,NA,NA,NA,NA,11.41898817,0.761940541,0.034759013809999996
8,Beef,Steers R3,2.5,Castrate,660,625.4034,0,NA,NA,NA,NA,NA,NA,NA,NA,NA,NA,NA,NA,NA,11.41898817,0.761940541,0.034759013809999996
9,Beef,Bulls Mature,4,Male,770,600,15,NA,NA,NA,NA,NA,NA,NA,NA,NA,NA,NA,NA,NA,11.71593179,0.778308815,0.0353366656
9,Beef,Heifers R1,0.5,Female,550,42.73113800741719,3.801108072996051,NA,NA,NA,NA,NA,NA,11,NA,37.45454545454545,3.0303030303030303,0.04893203883495146,0.032427184466019415,0.0334,11.71593179,0.778308815,0.0353366656
9,Beef,Heifers R2,1.5,Female,550,177.86053000242688,11.023213411688573,NA,NA,NA,NA,0.85,NA,NA,NA,NA,NA,NA,NA,NA,11.71593179,0.778308815,0.0353366656
9,Beef,Heifers R3,2.5,Female,550,316.6009746667829,11.023213411688573,NA,NA,269,NA,0.85,2.87679685028894,11,37.45454545454545,NA,NA,0.04893203883495146,0.032427184466019415,NA,11.71593179,0.778308815,0.0353366656
9,Beef,Cows Mature,4,Female,550,449.449701817995,0,NA,NA,269,NA,0.85,2.87679685028894,11,37.45454545454545,NA,NA,0.04893203883495146,0.032427184466019415,NA,11.71593179,0.778308815,0.0353366656
9,Beef,Bulls R1,0.5,Male,770,48.88915674701246,6.573644275354923,NA,NA,NA,NA,NA,NA,11,NA,37.45454545454545,3.0303030303030303,0.04893203883495146,0.032427184466019415,0.0334,11.71593179,0.778308815,0.0353366656
9,Beef,Bulls R2,1.5,Male,770,282.5822107358798,19.0635683985293,NA,NA,NA,NA,NA,NA,NA,NA,NA,NA,NA,NA,NA,11.71593179,0.778308815,0.0353366656
9,Beef,Bulls R3,2.5,Male,770,522.5202267863344,19.06356839852924,NA,NA,NA,NA,NA,NA,NA,NA,NA,NA,NA,NA,NA,11.71593179,0.778308815,0.0353366656
9,Beef,Steers R1,0.5,Castrate,660,49.066568500035245,6.869330530392908,NA,NA,NA,NA,NA,NA,11,NA,37.45454545454545,3.0303030303030303,0.04893203883495146,0.032427184466019415,0.0334,11.71593179,0.778308815,0.0353366656
9,Beef,Steers R2,1.5,Castrate,660,293.2712688555031,19.921058538139505,NA,NA,NA,NA,NA,NA,NA,NA,NA,NA,NA,NA,NA,11.71593179,0.778308815,0.0353366656
9,Beef,Steers R3,2.5,Castrate,660,544.0018332148442,19.921058538139505,NA,NA,NA,NA,NA,NA,NA,NA,NA,NA,NA,NA,NA,11.71593179,0.778308815,0.0353366656
10,Beef,Bulls Mature,4,Male,770,600,15.5,NA,NA,NA,NA,NA,NA,NA,NA,NA,NA,NA,NA,NA,11.39978803,0.759886776,0.0320485545
10,Beef,Heifers R1,0.5,Female,550,50.71346496070889,11.403324218988168,NA,NA,NA,NA,NA,NA,31,NA,105.55371900826447,8.539944903581267,0.04893203883495146,0.032427184466019415,0.0334,11.39978803,0.759886776,0.0320485545
10,Beef,Heifers R2,1.5,Female,550,189.45390962506485,11.403324218988132,NA,NA,NA,NA,0.85,NA,NA,NA,NA,NA,NA,NA,NA,11.39978803,0.759886776,0.0320485545
10,Beef,Heifers R3,2.5,Female,550,328.19435428942086,11.403324218988189,NA,NA,NA,NA,0.85,NA,31,105.55371900826447,NA,NA,0.04893203883495146,0.032427184466019415,NA,11.39978803,0.759886776,0.0320485545
10,Beef,Cows Mature,4,Female,550,449.449701817995,0,NA,NA,NA,NA,0.85,NA,31,105.55371900826447,NA,NA,0.04893203883495146,0.032427184466019415,NA,11.39978803,0.759886776,0.0320485545
10,Beef,Bulls R1,0.5,Male,770,62.693809725257786,19.720932826064754,NA,NA,NA,NA,NA,NA,31,NA,105.55371900826447,8.539944903581267,0.04893203883495146,0.032427184466019415,0.0334,11.39978803,0.759886776,0.0320485545
10,Beef,Bulls R2,1.5,Male,770,302.63182577571234,19.720932826064768,NA,NA,NA,NA,NA,NA,NA,NA,NA,NA,NA,NA,NA,11.39978803,0.759886776,0.0320485545
10,Beef,Bulls R3,2.5,Male,770,542.569841826167,19.720932826064768,NA,NA,NA,NA,NA,NA,NA,NA,NA,NA,NA,NA,NA,11.39978803,0.759886776,0.0320485545
10,Beef,Steers R1,0.5,Castrate,660,63.49216261386036,20.607991591178724,NA,NA,NA,NA,NA,NA,31,NA,105.55371900826447,8.539944903581267,0.04893203883495146,0.032427184466019415,0.0334,11.39978803,0.759886776,0.0320485545
10,Beef,Steers R2,1.5,Castrate,660,314.2227269732015,20.60799159117869,NA,NA,NA,NA,NA,NA,NA,NA,NA,NA,NA,NA,NA,11.39978803,0.759886776,0.0320485545
10,Beef,Steers R3,2.5,Castrate,660,564.9532913325424,20.607991591178802,NA,NA,NA,NA,NA,NA,NA,NA,NA,NA,NA,NA,NA,11.39978803,0.759886776,0.0320485545
11,Beef,Bulls Mature,4,Male,770,600,15,NA,NA,NA,NA,NA,NA,NA,NA,NA,NA,NA,NA,NA,10.3,0.701387755,0.027999999999999997
11,Beef,Heifers R1,0.5,Female,550,62.30684458334686,11.023213411688552,NA,NA,NA,NA,NA,NA,30,NA,102.14876033057851,8.264462809917356,0.04893203883495146,0.032427184466019415,0.0334,10.3,0.701387755,0.027999999999999997
11,Beef,Heifers R2,1.5,Female,550,201.04728924770282,11.023213411688573,NA,NA,NA,NA,0.85,NA,NA,NA,NA,NA,NA,NA,NA,10.3,0.701387755,0.027999999999999997
11,Beef,Heifers R3,2.5,Female,550,339.7877339120588,11.023213411688573,NA,NA,NA,NA,0.85,NA,30,102.14876033057851,NA,NA,0.04893203883495146,0.032427184466019415,NA,10.3,0.701387755,0.027999999999999997
11,Beef,Cows Mature,4,Female,550,449.449701817995,0,NA,NA,NA,NA,0.85,NA,30,102.14876033057851,NA,NA,0.04893203883495146,0.032427184466019415,NA,10.3,0.701387755,0.027999999999999997
11,Beef,Bulls R1,0.5,Male,770,82.7434247650903,19.06356839852927,NA,NA,NA,NA,NA,NA,30,NA,102.14876033057851,8.264462809917356,0.04893203883495146,0.032427184466019415,0.0334,10.3,0.701387755,0.027999999999999997
11,Beef,Bulls R2,1.5,Male,770,322.6814408155449,19.06356839852924,NA,NA,NA,NA,NA,NA,NA,NA,NA,NA,NA,NA,NA,10.3,0.701387755,0.027999999999999997
11,Beef,Bulls R3,2.5,Male,770,562.6194568659994,19.06356839852924,NA,NA,NA,NA,NA,NA,NA,NA,NA,NA,NA,NA,NA,10.3,0.701387755,0.027999999999999997
11,Beef,Steers R1,0.5,Castrate,660,84.44362073155872,19.921058538139434,NA,NA,NA,NA,NA,NA,30,NA,102.14876033057851,8.264462809917356,0.04893203883495146,0.032427184466019415,0.0334,10.3,0.701387755,0.027999999999999997
11,Beef,Steers R2,1.5,Castrate,660,335.1741850908998,19.92105853813939,NA,NA,NA,NA,NA,NA,NA,NA,NA,NA,NA,NA,NA,10.3,0.701387755,0.027999999999999997
11,Beef,Steers R3,2.5,Castrate,660,585.9047494502408,19.921058538139505,NA,NA,NA,NA,NA,NA,NA,NA,NA,NA,NA,NA,NA,10.3,0.701387755,0.027999999999999997
12,Beef,Bulls Mature,4,Male,770,600,15.5,NA,NA,NA,NA,NA,NA,NA,NA,NA,NA,NA,NA,NA,10.1,0.681673469,0.027200000000000002
12,Beef,Heifers R1,0.5,Female,550,73.90022420598483,11.40332421898816,NA,NA,NA,NA,NA,NA,31,NA,105.55371900826447,8.539944903581267,0.04893203883495146,0.032427184466019415,0.0334,10.1,0.681673469,0.027200000000000002
12,Beef,Heifers R2,1.5,Female,550,212.6406688703408,11.403324218988132,NA,NA,NA,NA,0.85,NA,NA,NA,NA,NA,NA,NA,NA,10.1,0.681673469,0.027200000000000002
12,Beef,Heifers R3,2.5,Female,550,351.38111353469674,11.403324218988189,NA,NA,3,NA,0.85,3.028207210830463,31,105.55371900826447,NA,NA,0.04893203883495146,0.032427184466019415,NA,10.1,0.681673469,0.027200000000000002
12,Beef,Cows Mature,4,Female,550,449.449701817995,0,NA,NA,3,NA,0.85,3.028207210830463,31,105.55371900826447,NA,NA,0.04893203883495146,0.032427184466019415,NA,10.1,0.681673469,0.027200000000000002
12,Beef,Bulls R1,0.5,Male,770,102.7930398049228,19.720932826064768,NA,NA,NA,NA,NA,NA,31,NA,105.55371900826447,8.539944903581267,0.04893203883495146,0.032427184466019415,0.0334,10.1,0.681673469,0.027200000000000002
12,Beef,Bulls R2,1.5,Male,770,342.7310558553774,19.720932826064768,NA,NA,NA,NA,NA,NA,NA,NA,NA,NA,NA,NA,NA,10.1,0.681673469,0.027200000000000002
12,Beef,Bulls R3,2.5,Male,770,582.669071905832,19.720932826064768,NA,NA,NA,NA,NA,NA,NA,NA,NA,NA,NA,NA,NA,10.1,0.681673469,0.027200000000000002
12,Beef,Steers R1,0.5,Castrate,660,105.39507884925709,20.60799159117873,NA,NA,NA,NA,NA,NA,31,NA,105.55371900826447,8.539944903581267,0.04893203883495146,0.032427184466019415,0.0334,10.1,0.681673469,0.027200000000000002
12,Beef,Steers R2,1.5,Castrate,660,356.12564320859815,20.60799159117869,NA,NA,NA,NA,NA,NA,NA,NA,NA,NA,NA,NA,NA,10.1,0.681673469,0.027200000000000002
12,Beef,Steers R3,2.5,Castrate,660,606.8562075679392,20.60799159117869,NA,NA,NA,NA,NA,NA,NA,NA,NA,NA,NA,NA,NA,10.1,0.681673469,0.027200000000000002
1,Dairy,Dairy Bulls Mature,4,Male,770,500,15.5,NA,NA,NA,NA,NA,NA,NA,NA,NA,NA,NA,NA,NA,10.79732282,0.745142248,0.02894457203
1,Dairy,Dairy Heifers R1,0.5,Female,550,141.26496181140806,18.58659914912255,NA,NA,NA,NA,NA,NA,NA,NA,NA,NA,NA,NA,NA,10.79732282,0.745142248,0.02894457203
1,Dairy,Dairy Heifers R2,1.5,Female,550,367.40191812573255,18.58659914912255,NA,NA,NA,NA,1,NA,NA,NA,NA,NA,NA,NA,NA,10.79732282,0.745142248,0.02894457203
1,Dairy,Milking Cows Mature,4,Female,550,488.83436589999997,0,NA,NA,76,NA,1,5.105025558778368,NA,NA,NA,NA,NA,NA,NA,10.79732282,0.745142248,0.02894457203
2,Dairy,Dairy Bulls Mature,4,Male,770,500,14,NA,NA,NA,NA,NA,NA,NA,NA,NA,NA,NA,NA,NA,10.54685636,0.721629071,0.02760875092
2,Dairy,Dairy Heifers R1,0.5,Female,550,159.54178430804524,16.72793923421031,NA,NA,NA,NA,NA,NA,NA,NA,NA,NA,NA,NA,NA,10.54685636,0.721629071,0.02760875092
2,Dairy,Dairy Heifers R2,1.5,Female,550,385.6787406223697,16.727939234210282,NA,NA,NA,NA,1,NA,NA,NA,NA,NA,NA,NA,NA,10.54685636,0.721629071,0.02760875092
2,Dairy,Milking Cows Mature,4,Female,550,488.83436589999997,0,NA,NA,104,NA,1,4.775669071115248,NA,NA,NA,NA,NA,NA,NA,10.54685636,0.721629071,0.02760875092
3,Dairy,Dairy Bulls Mature,4,Male,770,500,15.5,NA,NA,NA,NA,NA,NA,NA,NA,NA,NA,NA,NA,NA,10.2963899,0.710656254,0.02961248259
3,Dairy,Dairy Heifers R1,0.5,Female,550,177.81860680468242,18.58659914912255,NA,NA,NA,NA,NA,NA,NA,NA,NA,NA,NA,NA,NA,10.2963899,0.710656254,0.02961248259
3,Dairy,Dairy Heifers R2,1.5,Female,550,403.9555631190069,18.58659914912255,NA,NA,NA,NA,1,NA,NA,NA,NA,NA,NA,NA,NA,10.2963899,0.710656254,0.02961248259
3,Dairy,Milking Cows Mature,4,Female,550,488.83436589999997,0,NA,NA,135,NA,1,5.105025558778368,NA,NA,NA,NA,NA,NA,NA,10.2963899,0.710656254,0.02961248259
4,Dairy,Dairy Bulls Mature,4,Male,770,500,15,NA,NA,NA,NA,NA,NA,NA,NA,NA,NA,NA,NA,NA,10.79732282,0.74200715800000006,0.03211714717
4,Dairy,Dairy Heifers R1,0.5,Female,550,196.71498260629036,17.967045844151812,NA,NA,NA,NA,NA,NA,NA,NA,NA,NA,NA,NA,NA,10.79732282,0.74200715800000006,0.03211714717
4,Dairy,Dairy Heifers R2,1.5,Female,550,422.8519389206148,17.967045844151812,NA,NA,NA,NA,1,NA,NA,NA,NA,NA,NA,NA,NA,10.79732282,0.74200715800000006,0.03211714717
4,Dairy,Milking Cows Mature,4,Female,550,488.83436589999997,0,NA,NA,165,NA,1,4.940347314946808,NA,NA,NA,NA,NA,NA,NA,10.79732282,0.74200715800000006,0.03211714717
5,Dairy,Dairy Bulls Mature,4,Male,770,500,15.5,NA,NA,NA,NA,NA,NA,NA,NA,NA,NA,NA,NA,NA,10.96430046,0.75454751900000006,0.03353645709
5,Dairy,Dairy Heifers R1,0.5,Female,550,215.6113584078983,18.586599149122577,NA,NA,NA,NA,NA,NA,NA,NA,NA,NA,NA,NA,NA,10.96430046,0.75454751900000006,0.03353645709
5,Dairy,Dairy Heifers R2,1.5,Female,550,441.74831472222274,18.586599149122605,NA,NA,NA,NA,1,NA,NA,NA,NA,NA,NA,NA,NA,10.96430046,0.75454751900000006,0.03353645709
5,Dairy,Milking Cows Mature,4,Female,550,488.83436589999997,0,NA,NA,196,NA,1,5.105025558778368,NA,NA,NA,NA,NA,NA,NA,10.96430046,0.75454751900000006,0.03353645709
6,Dairy,Dairy Bulls Mature,4,Male,770,500,15,NA,NA,NA,NA,NA,NA,NA,NA,NA,NA,NA,NA,NA,11.54872219,0.778060697,0.03537321112
6,Dairy,Dairy Heifers R1,0.5,Female,550,234.50773420950622,17.967045844151812,NA,NA,NA,NA,NA,NA,NA,NA,NA,NA,NA,NA,NA,11.54872219,0.778060697,0.03537321112
6,Dairy,Dairy Heifers R2,1.5,Female,550,460.6446905238307,17.967045844151812,NA,NA,NA,NA,1,NA,NA,NA,NA,NA,NA,NA,NA,11.54872219,0.778060697,0.03537321112
6,Dairy,Milking Cows Mature,4,Female,550,488.83436589999997,0,NA,NA,226,NA,1,4.940347314946808,NA,NA,NA,NA,NA,NA,NA,11.54872219,0.778060697,0.03537321112
7,Dairy,Dairy Bulls Mature,4,Male,770,500,15.5,NA,NA,NA,NA,NA,NA,NA,NA,NA,NA,NA,NA,NA,11.80484232,0.786934591,0.03706166245
7,Dairy,Dairy Heifers R1,0.5,Female,550,253.4041100111142,18.586599149122577,NA,NA,NA,NA,NA,NA,NA,NA,NA,NA,NA,NA,NA,11.80484232,0.786934591,0.03706166245
7,Dairy,Dairy Heifers R2,1.5,Female,550,479.54106632543863,18.58659914912255,NA,NA,NA,NA,1,NA,NA,NA,NA,NA,NA,NA,NA,11.80484232,0.786934591,0.03706166245
7,Dairy,Milking Cows Mature,4,Female,550,488.83436589999997,0,NA,NA,257,NA,1,5.105025558778368,NA,NA,NA,NA,NA,NA,NA,11.80484232,0.786934591,0.03706166245
8,Dairy,Dairy Bulls Mature,4,Male,770,500,15.5,NA,NA,NA,NA,NA,NA,NA,NA,NA,NA,NA,NA,NA,12.056523930000001,0.800323368,0.03798449501
8,Dairy,Dairy Heifers R1,0.5,Female,550,50.19062598070751,11.151959489473533,NA,NA,NA,NA,NA,NA,19,NA,NA,62.295081967213115,NA,NA,0.0334,12.056523930000001,0.800323368,0.03798449501
8,Dairy,Dairy Heifers R2,1.5,Female,550,272.6102624652075,18.58659914912255,NA,NA,NA,NA,1,NA,NA,NA,NA,NA,NA,NA,NA,12.056523930000001,0.800323368,0.03798449501
8,Dairy,Milking Cows Mature,4,Female,550,488.83436589999997,0,NA,NA,269,NA,1,1.9761389259787232,NA,NA,NA,NA,NA,NA,NA,12.056523930000001,0.800323368,0.03798449501
9,Dairy,Dairy Bulls Mature,4,Male,770,500,15,NA,NA,NA,NA,NA,NA,NA,NA,NA,NA,NA,NA,NA,12.22431167,0.810561844,0.03857175209
9,Dairy,Dairy Heifers R1,0.5,Female,550,65.36968195249094,17.967045844151805,NA,NA,NA,NA,NA,NA,30,NA,NA,98.36065573770492,NA,NA,0.0334,12.22431167,0.810561844,0.03857175209
9,Dairy,Dairy Heifers R2,1.5,Female,550,291.50663826681546,17.967045844151755,NA,NA,NA,NA,1,NA,NA,NA,NA,NA,NA,NA,NA,12.22431167,0.810561844,0.03857175209
9,Dairy,Milking Cows Mature,4,Female,550,488.83436589999997,0,NA,NA,NA,NA,1,NA,NA,NA,NA,NA,NA,NA,NA,12.22431167,0.810561844,0.03857175209
10,Dairy,Dairy Bulls Mature,4,Male,770,500,15.5,NA,NA,NA,NA,NA,NA,NA,NA,NA,NA,NA,NA,NA,12.22431167,0.807411544,0.03462874025
10,Dairy,Dairy Heifers R1,0.5,Female,550,84.26605775409888,18.586599149122563,NA,NA,NA,NA,NA,NA,12,NA,NA,39.34426229508197,NA,NA,0.0334,12.22431167,0.807411544,0.03462874025
10,Dairy,Dairy Heifers R2,1.5,Female,550,310.4030140684233,18.586599149122605,NA,NA,NA,NA,1,NA,NA,NA,NA,NA,NA,NA,NA,12.22431167,0.807411544,0.03462874025
10,Dairy,Milking Cows Mature,4,Female,550,488.83436589999997,0,NA,NA,NA,NA,1,NA,NA,NA,NA,NA,NA,NA,NA,12.22431167,0.807411544,0.03462874025
11,Dairy,Dairy Bulls Mature,4,Male,770,500,15,NA,NA,NA,NA,NA,NA,NA,NA,NA,NA,NA,NA,NA,11.38537298,0.768032789,0.03076962229
11,Dairy,Dairy Heifers R1,0.5,Female,550,103.1624335557068,17.967045844151798,NA,NA,NA,NA,NA,NA,NA,NA,NA,NA,NA,NA,NA,11.38537298,0.768032789,0.03076962229
11,Dairy,Dairy Heifers R2,1.5,Female,550,329.2993898700313,17.967045844151812,NA,NA,NA,NA,1,NA,NA,NA,NA,NA,NA,NA,NA,11.38537298,0.768032789,0.03076962229
11,Dairy,Milking Cows Mature,4,Female,550,488.83436589999997,0,NA,NA,14,NA,1,4.281634339620567,NA,NA,NA,NA,NA,NA,NA,11.38537298,0.768032789,0.03076962229
12,Dairy,Dairy Bulls Mature,4,Male,770,500,15.5,NA,NA,NA,NA,NA,NA,NA,NA,NA,NA,NA,NA,NA,11.21758524,0.753856437,0.030098471340000002
12,Dairy,Dairy Heifers R1,0.5,Female,550,122.05880935731474,18.58659914912255,NA,NA,NA,NA,NA,NA,NA,NA,NA,NA,NA,NA,NA,11.21758524,0.753856437,0.030098471340000002
12,Dairy,Dairy Heifers R2,1.5,Female,550,348.1957656716392,18.58659914912255,NA,NA,NA,NA,1,NA,NA,NA,NA,NA,NA,NA,NA,11.21758524,0.753856437,0.030098471340000002
12,Dairy,Milking Cows Mature,4,Female,550,488.83436589999997,0,NA,NA,45,NA,1,5.105025558778368,NA,NA,NA,NA,NA,NA,NA,11.21758524,0.753856437,0.030098471340000002
1,Dairy,Dairy Bulls R1,0.5,Male,770,147.52591633285516,18.848881479526426,NA,NA,NA,NA,NA,NA,NA,NA,NA,NA,NA,NA,NA,10.79732282,0.745142248,0.02894457203
1,Dairy,Dairy Bulls R2,1.5,Male,770,376.85397433376045,18.848881479526426,NA,NA,NA,NA,NA,NA,NA,NA,NA,NA,NA,NA,NA,10.79732282,0.745142248,0.02894457203
2,Dairy,Dairy Bulls R1,0.5,Male,770,166.06064978772284,16.963993331573818,NA,NA,NA,NA,NA,NA,NA,NA,NA,NA,NA,NA,NA,10.54685636,0.721629071,0.02760875092
2,Dairy,Dairy Bulls R2,1.5,Male,770,395.38870778862815,16.963993331573874,NA,NA,NA,NA,NA,NA,NA,NA,NA,NA,NA,NA,NA,10.54685636,0.721629071,0.02760875092
3,Dairy,Dairy Bulls R1,0.5,Male,770,184.59538324259054,18.848881479526483,NA,NA,NA,NA,NA,NA,NA,NA,NA,NA,NA,NA,NA,10.2963899,0.710656254,0.02961248259
3,Dairy,Dairy Bulls R2,1.5,Male,770,413.92344124349586,18.848881479526426,NA,NA,NA,NA,NA,NA,NA,NA,NA,NA,NA,NA,NA,10.2963899,0.710656254,0.02961248259
4,Dairy,Dairy Bulls R1,0.5,Male,770,203.75841274677578,18.220585430208928,NA,NA,NA,NA,NA,NA,NA,NA,NA,NA,NA,NA,NA,10.79732282,0.74200715800000006,0.03211714717
4,Dairy,Dairy Bulls R2,1.5,Male,770,433.08647074768106,18.22058543020887,NA,NA,NA,NA,NA,NA,NA,NA,NA,NA,NA,NA,NA,10.79732282,0.74200715800000006,0.03211714717
5,Dairy,Dairy Bulls R1,0.5,Male,770,222.92144225096104,18.848881479526455,NA,NA,NA,NA,NA,NA,NA,NA,NA,NA,NA,NA,NA,10.96430046,0.75454751900000006,0.03353645709
5,Dairy,Dairy Bulls R2,1.5,Male,770,452.2495002518663,18.84888147952654,NA,NA,NA,NA,NA,NA,NA,NA,NA,NA,NA,NA,NA,10.96430046,0.75454751900000006,0.03353645709
6,Dairy,Dairy Bulls R1,0.5,Male,770,242.08447175514624,18.2205854302089,NA,NA,NA,NA,NA,NA,NA,NA,NA,NA,NA,NA,NA,11.54872219,0.778060697,0.03537321112
6,Dairy,Dairy Bulls R2,1.5,Male,770,471.4125297560516,18.22058543020887,NA,NA,NA,NA,NA,NA,NA,NA,NA,NA,NA,NA,NA,11.54872219,0.778060697,0.03537321112
7,Dairy,Dairy Bulls R1,0.5,Male,770,261.2475012593315,18.848881479526455,NA,NA,NA,NA,NA,NA,NA,NA,NA,NA,NA,NA,NA,11.80484232,0.786934591,0.03706166245
7,Dairy,Dairy Bulls R2,1.5,Male,770,490.5755592602368,18.848881479526426,NA,NA,NA,NA,NA,NA,NA,NA,NA,NA,NA,NA,NA,11.80484232,0.786934591,0.03706166245
8,Dairy,Dairy Bulls R1,0.5,Male,770,55.16639708317549,11.309328887715878,NA,NA,NA,NA,NA,NA,19,NA,NA,62.295081967213115,NA,NA,0.0334,12.056523930000001,0.800323368,0.03798449501
8,Dairy,Dairy Bulls R2,1.5,Male,770,280.72467878817554,18.848881479526483,NA,NA,NA,NA,NA,NA,NA,NA,NA,NA,NA,NA,NA,12.056523930000001,0.800323368,0.03798449501
9,Dairy,Dairy Bulls R1,0.5,Male,770,70.55965029145543,18.220585430208914,NA,NA,NA,NA,NA,NA,30,NA,NA,98.36065573770492,NA,NA,0.0334,12.22431167,0.810561844,0.03857175209
9,Dairy,Dairy Bulls R2,1.5,Male,770,299.88770829236074,18.22058543020887,NA,NA,NA,NA,NA,NA,NA,NA,NA,NA,NA,NA,NA,12.22431167,0.810561844,0.03857175209
10,Dairy,Dairy Bulls R1,0.5,Male,770,89.72267979564067,18.848881479526455,NA,NA,NA,NA,NA,NA,12,NA,NA,39.34426229508197,NA,NA,0.0334,12.22431167,0.807411544,0.03462874025
10,Dairy,Dairy Bulls R2,1.5,Male,770,319.05073779654595,18.848881479526426,NA,NA,NA,NA,NA,NA,NA,NA,NA,NA,NA,NA,NA,12.22431167,0.807411544,0.03462874025
11,Dairy,Dairy Bulls R1,0.5,Male,770,108.88570929982592,18.220585430208914,NA,NA,NA,NA,NA,NA,NA,NA,NA,NA,NA,NA,NA,11.38537298,0.768032789,0.03076962229
11,Dairy,Dairy Bulls R2,1.5,Male,770,338.2137673007312,18.220585430208985,NA,NA,NA,NA,NA,NA,NA,NA,NA,NA,NA,NA,NA,11.38537298,0.768032789,0.03076962229
12,Dairy,Dairy Bulls R1,0.5,Male,770,128.04873880401115,18.84888147952647,NA,NA,NA,NA,NA,NA,NA,NA,NA,NA,NA,NA,NA,11.21758524,0.753856437,0.030098471340000002
12,Dairy,Dairy Bulls R2,1.5,Male,770,357.37679680491647,18.848881479526426,NA,NA,NA,NA,NA,NA,NA,NA,NA,NA,NA,NA,NA,11.21758524,0.753856437,0.030098471340000002
1,Deer,Stags Mature,4,Male,150,146.70858209393694,3.0352277339333407,0,NA,NA,NA,NA,NA,NA,NA,NA,NA,NA,NA,NA,9.7,0.675759184,0.02633
1,Deer,Hinds Mature,4,Female,113,142.30550683396183,0,0,NA,NA,NA,0.85,NA,31,52.699999999999996,NA,NA,NA,0.0366,NA,9.7,0.675759184,0.02633
1,Deer,Hinds R1,0.5,Female,113,23.53837014021866,5.456376877201063,0,NA,NA,NA,NA,NA,31,NA,52.699999999999996,NA,NA,0.0366,NA,9.7,0.675759184,0.02633
1,Deer,Hinds R2,1.5,Female,113,89.9242888128316,5.456376877201066,0,NA,NA,NA,0.7,NA,NA,NA,NA,NA,NA,NA,NA,9.7,0.675759184,0.02633
1,Deer,Stags R1,0.5,Male,150,21.487935876731285,3.6901958610178482,0,NA,NA,NA,NA,NA,31,NA,52.699999999999996,NA,NA,0.0366,NA,9.7,0.675759184,0.02633
1,Deer,Stags R2,1.5,Male,150,66.38531885244845,3.690195861017841,0,NA,NA,NA,NA,NA,NA,NA,NA,NA,NA,NA,NA,9.7,0.675759184,0.02633
1,Deer,Stags R3,2.5,Male,150,111.2827018281656,3.6901958610178553,0,NA,NA,NA,NA,NA,NA,NA,NA,NA,NA,NA,NA,9.7,0.675759184,0.02633
2,Deer,Stags Mature,4,Male,150,146.70858209393694,2.741496017746243,0,NA,NA,NA,NA,NA,NA,NA,NA,NA,NA,NA,NA,9.31,0.644216327,0.02473
2,Deer,Hinds Mature,4,Female,113,142.30550683396183,0,0,NA,NA,NA,0.85,NA,28,47.6,NA,NA,NA,0.0366,NA,9.31,0.644216327,0.02473
2,Deer,Hinds R1,0.5,Female,113,28.903807402799707,4.91073918948096,0,NA,NA,NA,NA,NA,28,NA,47.6,NA,NA,0.0366,NA,9.31,0.644216327,0.02473
2,Deer,Hinds R2,1.5,Female,113,95.28972607541266,4.910739189480964,0,NA,NA,NA,0.7,NA,NA,NA,NA,NA,NA,NA,NA,9.31,0.644216327,0.02473
2,Deer,Stags R1,0.5,Male,150,25.116628473398837,3.3211762749160627,0,NA,NA,NA,NA,NA,28,NA,47.6,NA,NA,0.0366,NA,9.31,0.644216327,0.02473
2,Deer,Stags R2,1.5,Male,150,70.014011449116,3.3211762749160556,0,NA,NA,NA,NA,NA,NA,NA,NA,NA,NA,NA,NA,9.31,0.644216327,0.02473
2,Deer,Stags R3,2.5,Male,150,114.91139442483316,3.3211762749160556,0,NA,NA,NA,NA,NA,NA,NA,NA,NA,NA,NA,NA,9.31,0.644216327,0.02473
3,Deer,Stags Mature,4,Male,150,146.70858209393694,3.0352277339333407,0,NA,NA,NA,NA,NA,NA,NA,NA,NA,NA,NA,NA,9.1,0.630228571,0.02704
3,Deer,Hinds Mature,4,Female,113,142.30550683396183,0,0,NA,NA,NA,0.85,NA,18,30.599999999999998,NA,NA,NA,0.0366,NA,9.1,0.630228571,0.02704
3,Deer,Hinds R1,0.5,Female,113,34.269244665380754,5.456376877201059,0,NA,NA,NA,NA,NA,18,NA,30.599999999999998,NA,NA,0.0366,NA,9.1,0.630228571,0.02704
3,Deer,Hinds R2,1.5,Female,113,100.65516333799371,5.456376877201066,0,NA,NA,NA,0.7,NA,NA,NA,NA,NA,NA,NA,NA,9.1,0.630228571,0.02704
3,Deer,Stags R1,0.5,Male,150,28.745321070066385,3.6901958610178482,0,NA,NA,NA,NA,NA,18,NA,30.599999999999998,NA,NA,0.0366,NA,9.1,0.630228571,0.02704
3,Deer,Stags R2,1.5,Male,150,73.64270404578355,3.6901958610178553,0,NA,NA,NA,NA,NA,NA,NA,NA,NA,NA,NA,NA,9.1,0.630228571,0.02704
3,Deer,Stags R3,2.5,Male,150,118.54008702150071,3.690195861017841,0,NA,NA,NA,NA,NA,NA,NA,NA,NA,NA,NA,NA,9.1,0.630228571,0.02704
4,Deer,Stags Mature,4,Male,150,146.70858209393694,2.9373171618709746,0,NA,NA,NA,NA,NA,NA,NA,NA,NA,NA,NA,NA,9.7,0.672004082,0.03013
4,Deer,Hinds Mature,4,Female,113,142.30550683396183,0,0,NA,NA,NA,0.85,NA,NA,NA,NA,NA,NA,NA,NA,9.7,0.672004082,0.03013
4,Deer,Hinds R1,0.5,Female,113,39.81656115720183,5.274497647961027,0,NA,NA,NA,NA,NA,NA,NA,NA,NA,NA,NA,NA,9.7,0.672004082,0.03013
4,Deer,Hinds R2,1.5,Female,113,106.20247982981479,5.274497647961027,0,NA,NA,NA,0.7,NA,NA,NA,NA,NA,NA,NA,NA,9.7,0.672004082,0.03013
4,Deer,Stags R1,0.5,Male,150,32.49702019543453,3.5671893323172483,0,NA,NA,NA,NA,NA,NA,NA,NA,NA,NA,NA,NA,9.7,0.672004082,0.03013
4,Deer,Stags R2,1.5,Male,150,77.39440317115168,3.5671893323172554,0,NA,NA,NA,NA,NA,NA,NA,NA,NA,NA,NA,NA,9.7,0.672004082,0.03013
4,Deer,Stags R3,2.5,Male,150,122.29178614686884,3.5671893323172554,0,NA,NA,NA,NA,NA,NA,NA,NA,NA,NA,NA,NA,9.7,0.672004082,0.03013
5,Deer,Stags Mature,4,Male,150,146.70858209393694,3.0352277339333407,0,NA,NA,NA,NA,NA,NA,NA,NA,NA,NA,NA,NA,9.81,0.688714286,0.03174
5,Deer,Hinds Mature,4,Female,113,142.30550683396183,0,0,NA,NA,NA,0.85,NA,NA,NA,NA,NA,NA,NA,NA,9.81,0.688714286,0.03174
5,Deer,Hinds R1,0.5,Female,113,45.36387764902292,5.456376877201066,0,NA,NA,NA,NA,NA,NA,NA,NA,NA,NA,NA,NA,9.81,0.688714286,0.03174
5,Deer,Hinds R2,1.5,Female,113,111.74979632163587,5.456376877201066,0,NA,NA,NA,0.7,NA,NA,NA,NA,NA,NA,NA,NA,9.81,0.688714286,0.03174
5,Deer,Stags R1,0.5,Male,150,36.24871932080268,3.6901958610178482,0,NA,NA,NA,NA,NA,NA,NA,NA,NA,NA,NA,NA,9.81,0.688714286,0.03174
5,Deer,Stags R2,1.5,Male,150,81.14610229651984,3.6901958610178553,0,NA,NA,NA,NA,NA,NA,NA,NA,NA,NA,NA,NA,9.81,0.688714286,0.03174
5,Deer,Stags R3,2.5,Male,150,126.04348527223699,3.6901958610178553,0,NA,NA,NA,NA,NA,NA,NA,NA,NA,NA,NA,NA,9.81,0.688714286,0.03174
6,Deer,Stags Mature,4,Male,150,146.70858209393694,2.9373171618709746,0,NA,NA,NA,NA,NA,NA,NA,NA,NA,NA,NA,NA,10.6,0.720257143,0.03403
6,Deer,Hinds Mature,4,Female,113,142.30550683396183,0,0,NA,NA,0.1,0.85,NA,NA,NA,NA,NA,NA,NA,NA,10.6,0.720257143,0.03403
6,Deer,Hinds R1,0.5,Female,113,50.911194140844,5.274497647961027,0,NA,NA,NA,NA,NA,NA,NA,NA,NA,NA,NA,NA,10.6,0.720257143,0.03403
6,Deer,Hinds R2,1.5,Female,113,117.29711281345696,5.274497647961027,0,NA,NA,0.1,0.7,NA,NA,NA,NA,NA,NA,NA,NA,10.6,0.720257143,0.03403
6,Deer,Stags R1,0.5,Male,150,40.000418446170826,3.5671893323172554,0,NA,NA,NA,NA,NA,NA,NA,NA,NA,NA,NA,NA,10.6,0.720257143,0.03403
6,Deer,Stags R2,1.5,Male,150,84.89780142188798,3.5671893323172554,0,NA,NA,NA,NA,NA,NA,NA,NA,NA,NA,NA,NA,10.6,0.720257143,0.03403
6,Deer,Stags R3,2.5,Male,150,129.79518439760514,3.5671893323172412,0,NA,NA,NA,NA,NA,NA,NA,NA,NA,NA,NA,NA,10.6,0.720257143,0.03403
7,Deer,Stags Mature,4,Male,150,146.70858209393694,3.0352277339333407,0,NA,NA,NA,NA,NA,NA,NA,NA,NA,NA,NA,NA,10.9,0.733118367,0.03593
7,Deer,Hinds Mature,4,Female,113,142.30550683396183,0,0,NA,NA,0.1,0.85,NA,NA,NA,NA,NA,NA,NA,NA,10.9,0.733118367,0.03593
7,Deer,Hinds R1,0.5,Female,113,56.45851063266508,5.456376877201052,0,NA,NA,NA,NA,NA,NA,NA,NA,NA,NA,NA,NA,10.9,0.733118367,0.03593
7,Deer,Hinds R2,1.5,Female,113,122.84442930527804,5.456376877201052,0,NA,NA,0.1,0.7,NA,NA,NA,NA,NA,NA,NA,NA,10.9,0.733118367,0.03593
7,Deer,Stags R1,0.5,Male,150,43.752117571538975,3.6901958610178482,0,NA,NA,NA,NA,NA,NA,NA,NA,NA,NA,NA,NA,10.9,0.733118367,0.03593
7,Deer,Stags R2,1.5,Male,150,88.64950054725614,3.690195861017841,0,NA,NA,NA,NA,NA,NA,NA,NA,NA,NA,NA,NA,10.9,0.733118367,0.03593
7,Deer,Stags R3,2.5,Male,150,133.54688352297327,3.6901958610178553,0,NA,NA,NA,NA,NA,NA,NA,NA,NA,NA,NA,NA,10.9,0.733118367,0.03593
8,Deer,Stags Mature,4,Male,150,146.70858209393694,3.0352277339333407,0,NA,NA,NA,NA,NA,NA,NA,NA,NA,NA,NA,NA,11.2,0.751612245,0.03694
8,Deer,Hinds Mature,4,Female,113,142.30550683396183,0,0,NA,NA,0.3,0.85,NA,NA,NA,NA,NA,NA,NA,NA,11.2,0.751612245,0.03694
8,Deer,Hinds R1,0.5,Female,113,62.09676673910618,5.456376877201066,0,NA,NA,NA,NA,NA,NA,NA,NA,NA,NA,NA,NA,11.2,0.751612245,0.03694
8,Deer,Hinds R2,1.5,Female,113,128.48268541171913,5.456376877201066,0,NA,NA,0.3,0.7,NA,NA,NA,NA,NA,NA,NA,NA,11.2,0.751612245,0.03694
8,Deer,Stags R1,0.5,Male,150,47.565319961257416,3.6901958610178482,0,NA,NA,NA,NA,NA,NA,NA,NA,NA,NA,NA,NA,11.2,0.751612245,0.03694
8,Deer,Stags R2,1.5,Male,150,92.46270293697458,3.690195861017841,0,NA,NA,NA,NA,NA,NA,NA,NA,NA,NA,NA,NA,11.2,0.751612245,0.03694
8,Deer,Stags R3,2.5,Male,150,137.36008591269172,3.6901958610178553,0,NA,NA,NA,NA,NA,NA,NA,NA,NA,NA,NA,NA,11.2,0.751612245,0.03694
9,Deer,Stags Mature,4,Male,150,146.70858209393694,2.9373171618709746,1.846153846153848,NA,NA,NA,NA,NA,NA,NA,NA,NA,NA,NA,NA,11.4,0.76635102,0.03764
9,Deer,Hinds Mature,4,Female,113,142.30550683396183,0,0,NA,NA,0.3,0.85,NA,NA,NA,NA,NA,NA,NA,NA,11.4,0.76635102,0.03764
9,Deer,Hinds R1,0.5,Female,113,67.64408323092727,5.274497647961027,0,NA,NA,NA,NA,NA,NA,NA,NA,NA,NA,NA,NA,11.4,0.76635102,0.03764
9,Deer,Hinds R2,1.5,Female,113,134.0300019035402,5.274497647961027,0,NA,NA,0.3,0.7,NA,NA,NA,NA,NA,NA,NA,NA,11.4,0.76635102,0.03764
9,Deer,Stags R1,0.5,Male,150,51.31701908662556,3.5671893323172554,0,NA,NA,NA,NA,NA,NA,NA,NA,NA,NA,NA,NA,11.4,0.76635102,0.03764
9,Deer,Stags R2,1.5,Male,150,96.21440206234271,3.5671893323172554,1.846153846153848,NA,NA,NA,NA,NA,NA,NA,NA,NA,NA,NA,NA,11.4,0.76635102,0.03764
9,Deer,Stags R3,2.5,Male,150,141.11178503805985,3.5671893323172696,1.846153846153848,NA,NA,NA,NA,NA,NA,NA,NA,NA,NA,NA,NA,11.4,0.76635102,0.03764
10,Deer,Stags Mature,4,Male,150,146.70858209393694,3.0352277339333407,1.907692307692308,NA,NA,NA,NA,NA,NA,NA,NA,NA,NA,NA,NA,11.4,0.76175102,0.03294
10,Deer,Hinds Mature,4,Female,113,142.30550683396183,0,0,NA,NA,0.6,0.85,NA,NA,NA,NA,NA,NA,NA,NA,11.4,0.76175102,0.03294
10,Deer,Hinds R1,0.5,Female,113,73.19139972274834,5.456376877201066,0,NA,NA,NA,NA,NA,NA,NA,NA,NA,NA,NA,NA,11.4,0.76175102,0.03294
10,Deer,Hinds R2,1.5,Female,113,139.57731839536132,5.456376877201052,0,NA,NA,0.6,0.7,NA,NA,NA,NA,NA,NA,NA,NA,11.4,0.76175102,0.03294
10,Deer,Stags R1,0.5,Male,150,55.0687182119937,3.6901958610178482,0,NA,NA,NA,NA,NA,NA,NA,NA,NA,NA,NA,NA,11.4,0.76175102,0.03294
10,Deer,Stags R2,1.5,Male,150,99.96610118771088,3.690195861017841,1.907692307692308,NA,NA,NA,NA,NA,NA,NA,NA,NA,NA,NA,NA,11.4,0.76175102,0.03294
10,Deer,Stags R3,2.5,Male,150,144.863484163428,3.6901958610178553,1.907692307692308,NA,NA,NA,NA,NA,NA,NA,NA,NA,NA,NA,NA,11.4,0.76175102,0.03294
11,Deer,Stags Mature,4,Male,150,146.70858209393694,2.9373171618709746,0.246153846153846,NA,NA,NA,NA,NA,NA,NA,NA,NA,NA,NA,NA,10.4,0.707208163,0.02843
11,Deer,Hinds Mature,4,Female,113,142.30550683396183,0,0,NA,NA,0.6,0.85,NA,12,20.4,NA,NA,NA,0.0366,NA,10.4,0.707208163,0.02843
11,Deer,Hinds R1,0.5,Female,113,13.989710605116795,2.00067152164039,0,NA,NA,NA,NA,NA,12,NA,20.4,NA,NA,0.0366,NA,10.4,0.707208163,0.02843
11,Deer,Hinds R2,1.5,Female,113,78.73871621456944,5.274497647961027,0,NA,NA,0.6,0.7,NA,NA,NA,NA,NA,NA,NA,NA,10.4,0.707208163,0.02843
11,Deer,Stags R1,0.5,Male,150,15.03009311995005,1.3530718157065458,0,NA,NA,NA,NA,NA,12,NA,20.4,NA,NA,0.0366,NA,10.4,0.707208163,0.02843
11,Deer,Stags R2,1.5,Male,150,58.820417337361846,3.5671893323172483,0.246153846153846,NA,NA,NA,NA,NA,NA,NA,NA,NA,NA,NA,NA,10.4,0.707208163,0.02843
11,Deer,Stags R3,2.5,Male,150,103.71780031307901,3.5671893323172554,0.246153846153846,NA,NA,NA,NA,NA,NA,NA,NA,NA,NA,NA,NA,10.4,0.707208163,0.02843
12,Deer,Stags Mature,4,Male,150,146.70858209393694,3.0352277339333407,0,NA,NA,NA,NA,NA,NA,NA,NA,NA,NA,NA,NA,10.2,0.68777551,0.02763
12,Deer,Hinds Mature,4,Female,113,142.30550683396183,0,0,NA,NA,NA,0.85,NA,31,52.699999999999996,NA,NA,NA,0.0366,NA,10.2,0.68777551,0.02763
12,Deer,Hinds R1,0.5,Female,113,17.900114033777555,5.456376877201063,0,NA,NA,NA,NA,NA,31,NA,52.699999999999996,NA,NA,0.0366,NA,10.2,0.68777551,0.02763
12,Deer,Hinds R2,1.5,Female,113,84.28603270639053,5.456376877201066,0,NA,NA,NA,0.7,NA,NA,NA,NA,NA,NA,NA,NA,10.2,0.68777551,0.02763
12,Deer,Stags R1,0.5,Male,150,17.67473348701284,3.6901958610178465,0,NA,NA,NA,NA,NA,31,NA,52.699999999999996,NA,NA,0.0366,NA,10.2,0.68777551,0.02763
12,Deer,Stags R2,1.5,Male,150,62.572116462729994,3.6901958610178482,0,NA,NA,NA,NA,NA,NA,NA,NA,NA,NA,NA,NA,10.2,0.68777551,0.02763
12,Deer,Stags R3,2.5,Male,150,107.46949943844716,3.6901958610178553,0,NA,NA,NA,NA,NA,NA,NA,NA,NA,NA,NA,NA,10.2,0.68777551,0.02763
1,Sheep,Ewe Hoggets,1.5,Female,66,62.72240389987617,0.23312292457583794,NA,0.5156995391059039,NA,NA,1.3062,NA,10,8.442622950819672,NA,NA,0.08,0.06,NA,9.730512816,0.675741264,0.026064676420000002
1,Sheep,Ram and Wether Hoggets,1.5,Mixed,66,62.72240389987617,0.23312292457583794,NA,0.515699539105904,NA,NA,NA,NA,NA,NA,NA,NA,NA,NA,NA,9.730512816,0.675741264,0.026064676420000002
1,Sheep,Lambs,0.5,Mixed,66,32.880750218601875,6.34616652093208,NA,0.257849769552952,NA,NA,NA,NA,10,NA,8.442622950819672,NA,0.08,0.06,NA,9.730512816,0.675741264,0.026064676420000002
1,Sheep,Ewes Mature,4,Female,66,64.4863673625,0,NA,0.515699539105904,NA,NA,1.3062,NA,10,8.442622950819672,NA,NA,0.08,0.06,NA,9.730512816,0.675741264,0.026064676420000002
1,Sheep,Rams Mature,3,Male,92,90.28091430749998,1.55,NA,0.515699539105904,NA,NA,NA,NA,NA,NA,NA,NA,NA,NA,NA,9.730512816,0.675741264,0.026064676420000002
1,Sheep,Wethers Mature,4,Castrate,80,64.4863673625,0,NA,0.5156995391059039,NA,NA,NA,NA,NA,NA,NA,NA,NA,NA,NA,9.730512816,0.675741264,0.026064676420000002
2,Sheep,Ewe Hoggets,1.5,Female,66,62.951641442375745,0.20981063211825557,NA,0.4009273765081419,NA,NA,NA,NA,NA,NA,NA,NA,NA,NA,NA,9.60334566,0.658113959,0.024910717739999998
2,Sheep,Ram and Wether Hoggets,1.5,Mixed,66,62.951641442375745,0.20981063211825557,NA,0.4009273765081419,NA,NA,NA,NA,NA,NA,NA,NA,NA,NA,NA,9.60334566,0.658113959,0.024910717739999998
2,Sheep,Lambs,0.5,Mixed,66,39.12114729751843,5.711549868838873,NA,0.200463688254071,NA,NA,NA,NA,NA,NA,NA,NA,NA,NA,NA,9.60334566,0.658113959,0.024910717739999998
2,Sheep,Ewes Mature,4,Female,66,64.4863673625,0,NA,0.400927376508142,NA,NA,1.3062,NA,NA,NA,NA,NA,NA,NA,NA,9.60334566,0.658113959,0.024910717739999998
2,Sheep,Rams Mature,3,Male,92,90.28091430749998,1.4000000000000001,NA,0.400927376508142,NA,NA,NA,NA,NA,NA,NA,NA,NA,NA,NA,9.60334566,0.658113959,0.024910717739999998
2,Sheep,Wethers Mature,4,Castrate,80,64.4863673625,0,NA,0.400927376508142,NA,NA,NA,NA,NA,NA,NA,NA,NA,NA,NA,9.60334566,0.658113959,0.024910717739999998
3,Sheep,Ewe Hoggets,1.5,Female,66,63.180878984875314,0.23312292457583794,NA,0.35140756566339243,NA,NA,NA,NA,NA,NA,NA,NA,NA,NA,NA,9.259422106,0.636916984,0.026844073179999997
3,Sheep,Ram and Wether Hoggets,1.5,Mixed,66,63.180878984875314,0.23312292457583794,NA,0.35140756566339243,NA,NA,NA,NA,NA,NA,NA,NA,NA,NA,NA,9.259422106,0.636916984,0.026844073179999997
3,Sheep,Lambs,0.5,Mixed,66,43.82788746720972,3.278852702481572,NA,0.1757037828316962,NA,NA,NA,NA,NA,NA,NA,NA,NA,NA,NA,9.259422106,0.636916984,0.026844073179999997
3,Sheep,Ewes Mature,4,Female,66,64.4863673625,0,NA,0.35140756566339243,NA,NA,1.3062,NA,NA,NA,NA,NA,NA,NA,NA,9.259422106,0.636916984,0.026844073179999997
3,Sheep,Rams Mature,3,Male,92,90.28091430749998,1.55,NA,0.3514075656633925,NA,NA,NA,NA,NA,NA,NA,NA,NA,NA,NA,9.259422106,0.636916984,0.026844073179999997
3,Sheep,Wethers Mature,4,Castrate,80,64.4863673625,0,NA,0.35140756566339243,NA,NA,NA,NA,NA,NA,NA,NA,NA,NA,NA,9.259422106,0.636916984,0.026844073179999997
4,Sheep,Ewe Hoggets,1.5,Female,66,63.41788729152742,0.22535216042330575,NA,0.2542430159735117,5,NA,0.2162,0.5527402916785714,NA,NA,NA,NA,NA,NA,NA,9.763966353,0.673750061,0.02974875119
4,Sheep,Ram and Wether Hoggets,1.5,Mixed,66,63.41788729152742,0.22535216042330575,NA,0.2542430159735117,NA,NA,NA,NA,NA,NA,NA,NA,NA,NA,NA,9.763966353,0.673750061,0.02974875119
4,Sheep,Lambs,0.5,Mixed,66,47.10674016969129,3.0673138184505078,NA,0.12712150798675584,NA,NA,0.2162,NA,NA,NA,NA,NA,NA,NA,NA,9.763966353,0.673750061,0.02974875119
4,Sheep,Ewes Mature,4,Female,66,64.4863673625,0,NA,0.2542430159735117,5,NA,1.3062,0.5527402916785714,NA,NA,NA,NA,NA,NA,NA,9.763966353,0.673750061,0.02974875119
4,Sheep,Rams Mature,3,Male,92,90.28091430749998,1.5,NA,0.2542430159735117,NA,NA,NA,NA,NA,NA,NA,NA,NA,NA,NA,9.763966353,0.673750061,0.02974875119
4,Sheep,Wethers Mature,4,Castrate,80,64.4863673625,0,NA,0.2542430159735117,NA,NA,NA,NA,NA,NA,NA,NA,NA,NA,NA,9.763966353,0.673750061,0.02974875119
5,Sheep,Ewe Hoggets,1.5,Female,66,63.65489559817952,0.23312292457583794,NA,0.20126071006940335,36,NA,0.2162,1.2239249315739797,NA,NA,NA,NA,NA,NA,NA,9.74654432,0.684312585,0.03120096776
5,Sheep,Ram and Wether Hoggets,1.5,Mixed,66,63.65489559817952,0.23312292457583794,NA,0.20126071006940333,NA,NA,NA,NA,NA,NA,NA,NA,NA,NA,NA,9.74654432,0.684312585,0.03120096776
5,Sheep,Lambs,0.5,Mixed,66,50.33270815116511,3.1730832604660364,NA,0.10063035503470165,NA,NA,0.2162,NA,NA,NA,NA,NA,NA,NA,NA,9.74654432,0.684312585,0.03120096776
5,Sheep,Ewes Mature,4,Female,66,64.4863673625,0,NA,0.2012607100694033,36,NA,1.3062,1.2239249315739797,NA,NA,NA,NA,NA,NA,NA,9.74654432,0.684312585,0.03120096776
5,Sheep,Rams Mature,3,Male,92,90.28091430749998,1.55,NA,0.2012607100694033,NA,NA,NA,NA,NA,NA,NA,NA,NA,NA,NA,9.74654432,0.684312585,0.03120096776
5,Sheep,Wethers Mature,4,Castrate,80,64.4863673625,0,NA,0.20126071006940333,NA,NA,NA,NA,NA,NA,NA,NA,NA,NA,NA,9.74654432,0.684312585,0.03120096776
6,Sheep,Ewe Hoggets,1.5,Female,66,63.89190390483162,0.22535216042331285,NA,0.1773708764791993,66,NA,0.2162,1.1844434821683674,NA,NA,NA,NA,NA,NA,NA,10.75185121,0.726020299,0.03321785003
6,Sheep,Ram and Wether Hoggets,1.5,Mixed,66,63.89190390483162,0.22535216042331285,NA,0.1773708764791993,NA,NA,NA,NA,NA,NA,NA,NA,NA,NA,NA,10.75185121,0.726020299,0.03321785003
6,Sheep,Lambs,0.5,Mixed,66,53.55867613263891,3.0673138184505078,NA,0.08868543823959965,NA,NA,0.2162,NA,NA,NA,NA,NA,NA,NA,NA,10.75185121,0.726020299,0.03321785003
6,Sheep,Ewes Mature,4,Female,66,64.4863673625,0,NA,0.17737087647919927,66,NA,1.3062,1.1844434821683674,NA,NA,NA,NA,NA,NA,NA,10.75185121,0.726020299,0.03321785003
6,Sheep,Rams Mature,3,Male,92,90.28091430749998,1.5,NA,0.1773708764791993,NA,NA,NA,NA,NA,NA,NA,NA,NA,NA,NA,10.75185121,0.726020299,0.03321785003
6,Sheep,Wethers Mature,4,Castrate,80,64.4863673625,0,NA,0.1773708764791993,NA,NA,NA,NA,NA,NA,NA,NA,NA,NA,NA,10.75185121,0.726020299,0.03321785003
7,Sheep,Ewe Hoggets,1.5,Female,66,64.12891221148372,0.23312292457583794,NA,0.21353792378895084,97,NA,0.2162,1.2239249315739797,NA,NA,NA,NA,NA,NA,NA,11.10312085,0.741413588,0.03464922574
7,Sheep,Ram and Wether Hoggets,1.5,Mixed,66,64.12891221148372,0.23312292457583794,NA,0.21353792378895084,NA,NA,NA,NA,NA,NA,NA,NA,NA,NA,NA,11.10312085,0.741413588,0.03464922574
7,Sheep,Lambs,0.5,Mixed,66,56.78464411411272,3.1730832604660364,NA,0.10676896189447543,NA,NA,0.2162,NA,NA,NA,NA,NA,NA,NA,NA,11.10312085,0.741413588,0.03464922574
7,Sheep,Ewes Mature,4,Female,66,64.4863673625,0,NA,0.21353792378895087,97,NA,1.3062,1.2239249315739797,NA,NA,NA,NA,NA,NA,NA,11.10312085,0.741413588,0.03464922574
7,Sheep,Rams Mature,3,Male,92,90.28091430749998,1.55,NA,0.21353792378895084,NA,NA,NA,NA,NA,NA,NA,NA,NA,NA,NA,11.10312085,0.741413588,0.03464922574
7,Sheep,Wethers Mature,4,Castrate,80,64.4863673625,0,NA,0.2135379237889509,NA,NA,NA,NA,NA,NA,NA,NA,NA,NA,NA,11.10312085,0.741413588,0.03464922574
8,Sheep,Ewe Hoggets,1.5,Female,66,64.3698059002121,0.23312292457583794,NA,0.28402658625027877,128,NA,0.2162,1.2239249315739797,NA,NA,NA,NA,NA,NA,NA,11.32757072,0.754282976,0.03481001399
8,Sheep,Ram and Wether Hoggets,1.5,Mixed,66,64.3698059002121,0.23312292457583794,NA,0.28402658625027877,NA,NA,NA,NA,NA,NA,NA,NA,NA,NA,NA,11.32757072,0.754282976,0.03481001399
8,Sheep,Lambs,0.5,Mixed,66,60.063496816594295,3.1730832604660435,NA,0.1420132931251394,NA,NA,0.2162,NA,NA,NA,NA,NA,NA,NA,NA,11.32757072,0.754282976,0.03481001399
8,Sheep,Ewes Mature,4,Female,66,64.4863673625,0,NA,0.2840265862502788,128,NA,1.3062,1.2239249315739797,NA,NA,NA,NA,NA,NA,NA,11.32757072,0.754282976,0.03481001399
8,Sheep,Rams Mature,3,Male,92,90.28091430749998,1.55,NA,0.2840265862502788,NA,NA,NA,NA,NA,NA,NA,NA,NA,NA,NA,11.32757072,0.754282976,0.03481001399
8,Sheep,Wethers Mature,4,Castrate,80,64.4863673625,0,NA,0.28402658625027877,NA,NA,NA,NA,NA,NA,NA,NA,NA,NA,NA,11.32757072,0.754282976,0.03481001399
9,Sheep,Ewe Hoggets,1.5,Female,66,61.7704852911915,0.22535216042331285,NA,0.3639819947974474,138,NA,0.2162,0.39481449405612246,20,16.885245901639344,NA,NA,0.08,0.06,NA,11.32933467,0.761490287,0.03661721773
9,Sheep,Ram and Wether Hoggets,1.5,Mixed,66,61.7704852911915,0.22535216042331285,NA,0.3639819947974475,NA,NA,NA,NA,NA,NA,NA,NA,NA,NA,NA,11.32933467,0.761490287,0.03661721773
9,Sheep,Lambs,0.5,Mixed,66,8.024931344951229,4.019238796590319,NA,0.18199099739872374,NA,NA,0.2162,NA,20,NA,16.885245901639344,NA,0.08,0.06,NA,11.32933467,0.761490287,0.03661721773
9,Sheep,Ewes Mature,4,Female,66,64.4863673625,0,NA,0.3639819947974475,138,NA,1.3062,0.39481449405612246,20,16.885245901639344,NA,NA,0.08,0.06,NA,11.32933467,0.761490287,0.03661721773
9,Sheep,Rams Mature,3,Male,92,90.28091430749998,1.5,NA,0.3639819947974474,NA,NA,NA,NA,NA,NA,NA,NA,NA,NA,NA,11.32933467,0.761490287,0.03661721773
9,Sheep,Wethers Mature,4,Castrate,80,64.4863673625,0,NA,0.3639819947974475,NA,NA,NA,NA,NA,NA,NA,NA,NA,NA,NA,11.32933467,0.761490287,0.03661721773
10,Sheep,Ewe Hoggets,1.5,Female,66,62.0074935978436,0.23312292457583794,NA,0.4654577766845954,NA,NA,1.3062,NA,31,26.172131147540984,NA,NA,0.08,0.06,NA,11.3,0.75677551,0.0325
10,Sheep,Ram and Wether Hoggets,1.5,Mixed,66,62.0074935978436,0.23312292457583794,NA,0.46545777668459554,NA,NA,NA,NA,NA,NA,NA,NA,NA,NA,NA,11.3,0.75677551,0.0325
10,Sheep,Lambs,0.5,Mixed,66,13.419172887743496,6.34616652093208,NA,0.23272888834229774,NA,NA,NA,NA,31,NA,26.172131147540984,NA,0.08,0.06,NA,11.3,0.75677551,0.0325
10,Sheep,Ewes Mature,4,Female,66,64.4863673625,0,NA,0.46545777668459554,NA,NA,1.3062,NA,31,26.172131147540984,NA,NA,0.08,0.06,NA,11.3,0.75677551,0.0325
10,Sheep,Rams Mature,3,Male,92,90.28091430749998,1.55,NA,0.4654577766845955,NA,NA,NA,NA,NA,NA,NA,NA,NA,NA,NA,11.3,0.75677551,0.0325
10,Sheep,Wethers Mature,4,Castrate,80,64.4863673625,0,NA,0.46545777668459554,NA,NA,NA,NA,NA,NA,NA,NA,NA,NA,NA,11.3,0.75677551,0.0325
11,Sheep,Ewe Hoggets,1.5,Female,66,62.2445019044957,0.22535216042331285,NA,0.5113905072486267,NA,NA,1.3062,NA,30,25.32786885245902,NA,NA,0.08,0.06,NA,10.3,0.701387755,0.027999999999999997
11,Sheep,Ram and Wether Hoggets,1.5,Mixed,66,62.2445019044957,0.22535216042331285,NA,0.5113905072486264,NA,NA,NA,NA,NA,NA,NA,NA,NA,NA,NA,10.3,0.701387755,0.027999999999999997
11,Sheep,Lambs,0.5,Mixed,66,19.871108850691115,6.1346276369010155,NA,0.2556952536243133,NA,NA,NA,NA,30,NA,25.32786885245902,NA,0.08,0.06,NA,10.3,0.701387755,0.027999999999999997
11,Sheep,Ewes Mature,4,Female,66,64.4863673625,0,NA,0.5113905072486266,NA,NA,1.3062,NA,30,25.32786885245902,NA,NA,0.08,0.06,NA,10.3,0.701387755,0.027999999999999997
11,Sheep,Rams Mature,3,Male,92,90.28091430749998,1.5,NA,0.5113905072486266,NA,NA,NA,NA,NA,NA,NA,NA,NA,NA,NA,10.3,0.701387755,0.027999999999999997
11,Sheep,Wethers Mature,4,Castrate,80,64.4863673625,0,NA,0.5113905072486266,NA,NA,NA,NA,NA,NA,NA,NA,NA,NA,NA,10.3,0.701387755,0.027999999999999997
12,Sheep,Ewe Hoggets,1.5,Female,66,62.4815102111478,0.23312292457583794,NA,0.5484027172462406,NA,NA,1.3062,NA,31,26.172131147540984,NA,NA,0.08,0.06,NA,10.1,0.681673469,0.027200000000000002
12,Sheep,Ram and Wether Hoggets,1.5,Mixed,66,62.4815102111478,0.23312292457583794,NA,0.5484027172462407,NA,NA,NA,NA,NA,NA,NA,NA,NA,NA,NA,10.1,0.681673469,0.027200000000000002
12,Sheep,Lambs,0.5,Mixed,66,26.323044813638727,6.34616652093208,NA,0.2742013586231204,NA,NA,NA,NA,31,NA,26.172131147540984,NA,0.08,0.06,NA,10.1,0.681673469,0.027200000000000002
12,Sheep,Ewes Mature,4,Female,66,64.4863673625,0,NA,0.5484027172462408,NA,NA,1.3062,NA,31,26.172131147540984,NA,NA,0.08,0.06,NA,10.1,0.681673469,0.027200000000000002
12,Sheep,Rams Mature,3,Male,92,90.28091430749998,1.55,NA,0.5484027172462408,NA,NA,NA,NA,NA,NA,NA,NA,NA,NA,NA,10.1,0.681673469,0.027200000000000002
12,Sheep,Wethers Mature,4,Castrate,80,64.4863673625,0,NA,0.5484027172462407,NA,NA,NA,NA,NA,NA,NA,NA,NA,NA,NA,10.1,0.681673469,0.027200000000000002
